States;Acute Lymphocytic Leukemia;Acute Monocytic Leukemia;Acute Myeloid Leukemia;Aleukemic. Subleukemic and NOS;All Invasive Cancer Sites Combined;Anus. Anal Canal and Anorectum;Appendix;Ascending Colon;Bones and Joints;Brain;Brain and Other Nervous System;Cecum;Cervix Uteri;Chronic Lymphocytic Leukemia;Chronic Myeloid Leukemia;Colon and Rectum;Colon excluding Rectum;Corpus Uteri;Cranial Nerves Other Nervous System;Descending Colon;Digestive System;Endocrine System;Esophagus;Eye and Orbit;Female Breast;Female Breast. In Situ;Female Genital System;Floor of Mouth;Gallbladder;Gum and Other Mouth;Hepatic Flexure;Hodgkin - Nodal;Hodgkin Lymphoma;Hypopharynx;Intrahepatic Bile Duct;Kaposi Sarcoma;Kidney and Renal Pelvis;Large Intestine. NOS;Larynx;Leukemias;Lip;Liver;Liver and Intrahepatic Bile Duct;Lung and Bronchus;Lymphomas;Male Breast;Male Breast. In Situ;Male Genital System;Male and Female Breast;Male and Female Breast. In Situ;Melanoma of the Skin;Mesothelioma;Miscellaneous;Myeloma;NHL - Extranodal;NHL - Nodal;Nasopharynx;Non-Hodgkin Lymphoma;Nose. Nasal Cavity and Middle Ear;Oral Cavity and Pharynx;Oropharynx;Other Acute Leukemia;Other Biliary;Other Digestive Organs;Other Endocrine including Thymus;Other Female Genital Organs;Other Leukemias;Other Lymphocytic Leukemia;Other Male Genital Organs;Other Myeloid/Monocytic Leukemia;Other Non-Epithelial Skin;Other Oral Cavity and Pharynx;Other Urinary Organs;Ovary;Pancreas;Penis;Peritoneum. Omentum and Mesentery;Prostate;Rectosigmoid Junction;Rectum;Rectum and Rectosigmoid Junction;Respiratory System;Retroperitoneum;Salivary Gland;Sigmoid Colon;Skin excluding Basal and Squamous;Small Intestine;Soft Tissue including Heart;Splenic Flexure;Stomach;Testis;Thyroid;Tongue;Tonsil;Trachea. Mediastinum and Other Respiratory Organs;Transverse Colon;Ureter;Urinary Bladder. invasive and in situ;Urinary System;Uterus. NOS;Vagina;Vulva
Alabama;1.3E-05;0;4.4E-05;6E-06;0.005442;2.2E-05;1.7E-05;7E-05;8E-06;6.7E-05;7E-05;7.6E-05;4.9E-05;5.1E-05;1.6E-05;0.000513;0.000374;0.000126;3E-06;2.1E-05;0.000998;0.000116;6E-05;1.3E-05;0.000785;0.000165;0.000274;8E-06;1.1E-05;2.2E-05;1.7E-05;2.4E-05;2.5E-05;8E-06;1E-05;0;0.000216;4.1E-05;5.5E-05;0.00014;1.2E-05;8.6E-05;9.7E-05;0.000803;0.000217;1E-05;0;0.000727;0.000795;0.000167;0.00026;6E-06;0.000208;8.3E-05;6.3E-05;0.000128;5E-06;0.000192;6E-06;0.000161;7E-06;0;2.1E-05;6E-06;9E-06;3E-06;1.6E-05;4E-06;0;0;1.7E-05;4E-06;0;7.1E-05;0.000157;4E-06;5E-06;0.000703;2.5E-05;0.000114;0.000139;0.000867;4E-06;2.1E-05;8.8E-05;0.000276;2.5E-05;3.6E-05;1E-05;7.8E-05;1.9E-05;0.000107;4.3E-05;3.3E-05;3E-06;3.4E-05;6E-06;0.000221;0.000445;4E-06;4E-06;1.7E-05
Alaska;0;0;2.4E-05;0;0.003715;0;0;2.6E-05;0;6.6E-05;6.9E-05;5.1E-05;3.9E-05;2.6E-05;0;0.000398;0.000261;0.000112;0;0;0.000762;0.00011;4.3E-05;0;0.000577;0.000139;0.000237;0;0;0;0;0;0;0;0;0;0.000184;2.7E-05;3E-05;9.8E-05;0;7.3E-05;8.3E-05;0.000475;0.000186;0;0;0.000358;0.000582;0.000139;0.000107;0;1E-04;3.5E-05;4.9E-05;0.000118;0;0.000167;0;0.000108;0;0;0;0;0;0;0;0;0;0;0;0;0;4.9E-05;9.1E-05;0;0;0.000309;3.1E-05;0.000106;0.000137;0.000512;0;0;8.8E-05;0.000115;2.6E-05;3.7E-05;0;7.9E-05;4.5E-05;1E-04;0;3.1E-05;0;0;0;0.000195;0.000381;0;0;0
Arizona;2.2E-05;2E-06;4.1E-05;5E-06;0.004515;1.7E-05;1.3E-05;5.3E-05;8E-06;5.9E-05;6.3E-05;5.4E-05;3.5E-05;3.3E-05;1.6E-05;0.000378;0.000266;0.000141;5E-06;1.6E-05;0.000804;0.000147;4.9E-05;8E-06;0.000676;0.000145;0.00026;5E-06;1.1E-05;1.3E-05;9E-06;2.1E-05;2.2E-05;4E-06;1E-05;0;0.000181;3.2E-05;2.4E-05;0.000128;0;8.8E-05;9.9E-05;0.000582;0.000196;5E-06;0;0.000504;0.000682;0.000146;0.000275;1.1E-05;0.000175;5.8E-05;5.7E-05;0.000117;3E-06;0.000174;8E-06;0.000111;4E-06;3E-06;1.8E-05;7E-06;7E-06;8E-06;1.6E-05;3E-06;0;0;1.5E-05;3E-06;2E-06;6E-05;0.000136;3E-06;6E-06;0.000474;3.1E-05;8.1E-05;0.000112;0.000617;3E-06;1.5E-05;6E-05;0.00029;2.1E-05;3.3E-05;6E-06;6E-05;2.6E-05;0.00014;3.9E-05;2.3E-05;0;2.3E-05;5E-06;0.000229;0.000418;7E-06;0;7E-06
Arkansas;1.3E-05;0;5E-05;9E-06;0.005671;2.2E-05;2E-05;7.2E-05;1.3E-05;6.5E-05;7.1E-05;8.1E-05;5.4E-05;6E-05;2E-05;0.000531;0.000387;0.000144;6E-06;2.3E-05;0.001011;0.000151;5.3E-05;1E-05;0.000728;0.000171;0.000307;9E-06;1.2E-05;2.6E-05;1.6E-05;2.6E-05;2.6E-05;9E-06;1.5E-05;0;0.000228;3E-05;4E-05;0.000164;7E-06;7.6E-05;9.1E-05;0.000973;0.000231;7E-06;0;0.000722;0.000735;0.000171;0.000259;6E-06;0.000194;8.5E-05;6.6E-05;0.000139;6E-06;0.000204;8E-06;0.000171;8E-06;0;1.8E-05;6E-06;8E-06;0;2.1E-05;0;0;0;2.2E-05;0;0;7.3E-05;0.000145;6E-06;8E-06;0.000695;3.9E-05;0.000105;0.000144;0.001023;0;1.8E-05;1E-04;0.000281;3.8E-05;3.2E-05;1.6E-05;8.2E-05;2.1E-05;0.000143;4.5E-05;3.8E-05;0;3E-05;6E-06;0.000224;0.000462;6E-06;5E-06;1.8E-05
California;2E-05;2E-06;3.9E-05;4E-06;0.004257;2E-05;1.5E-05;4.8E-05;9E-06;5.7E-05;6.1E-05;5.4E-05;3.6E-05;3.7E-05;1.5E-05;0.000373;0.000261;0.000145;3E-06;1.5E-05;0.00081;0.000145;3.8E-05;9E-06;0.000683;0.000156;0.000273;4E-06;1.3E-05;1.3E-05;1.2E-05;2.1E-05;2.2E-05;5E-06;1.3E-05;5E-06;0.000159;1.6E-05;2.1E-05;0.000124;8E-06;9.6E-05;0.000109;0.000433;0.000212;5E-06;1E-06;0.000486;0.000688;0.000157;0.000244;9E-06;0.000147;6.1E-05;6.6E-05;0.000125;7E-06;0.000191;6E-06;0.000112;4E-06;2E-06;2E-05;8E-06;8E-06;7E-06;1.3E-05;4E-06;1E-06;2E-06;2.2E-05;1E-06;3E-06;6.5E-05;0.000124;3E-06;6E-06;0.000451;2.4E-05;8.9E-05;0.000113;0.000462;3E-06;1.3E-05;7.1E-05;0.000265;2E-05;3.7E-05;8E-06;7.6E-05;3E-05;0.000138;3.7E-05;2.1E-05;2E-06;2.3E-05;5E-06;0.000171;0.000339;6E-06;3E-06;1.1E-05
Colorado;1.2E-05;0;4.2E-05;6E-06;0.004129;1.5E-05;1.9E-05;4.1E-05;1.2E-05;6.5E-05;7E-05;5.5E-05;3.2E-05;4.2E-05;1.4E-05;0.000347;0.000241;0.000122;5E-06;1E-05;0.000735;0.000156;4.8E-05;1E-05;0.000686;0.000147;0.00024;5E-06;1E-05;1.1E-05;9E-06;2.4E-05;2.4E-05;4E-06;1.2E-05;3E-06;0.000148;2E-05;2.6E-05;0.000129;9E-06;7.2E-05;8.4E-05;0.000424;0.000204;6E-06;0;0.000485;0.000691;0.000148;0.000227;7E-06;0.000127;6.5E-05;5.4E-05;0.000126;7E-06;0.00018;6E-06;0.000126;5E-06;0;1.8E-05;9E-06;6E-06;1.1E-05;1.9E-05;7E-06;0;3E-06;1.8E-05;7E-06;3E-06;5.5E-05;0.000112;0;7E-06;0.000451;2.4E-05;8.2E-05;0.000105;0.000457;5E-06;1.1E-05;6.2E-05;0.000245;2.3E-05;3.1E-05;7E-06;5.6E-05;3.1E-05;0.00015;4.5E-05;2.3E-05;0;1.8E-05;3E-06;0.00018;0.000335;4E-06;3E-06;1.2E-05
Connecticut;1.3E-05;0;4.5E-05;5E-06;0.005791;2.5E-05;2E-05;6E-05;1.3E-05;8.1E-05;8.4E-05;5.8E-05;3.4E-05;5.8E-05;2.1E-05;0.000439;0.000316;0.000195;0;1.6E-05;0.001001;0.000203;6.3E-05;1.1E-05;0.000925;0.000267;0.000345;7E-06;1E-05;2.4E-05;1.6E-05;3.6E-05;3.6E-05;1E-05;1.5E-05;0;0.000196;2.2E-05;3.9E-05;0.000152;6E-06;9.6E-05;0.000111;0.000718;0.000306;1E-05;0;0.000689;0.000935;0.000269;0.000246;1.1E-05;0.000185;9.1E-05;0.000105;0.000164;5E-06;0.00027;9E-06;0.000157;6E-06;0;2.7E-05;9E-06;7E-06;7E-06;1.5E-05;5E-06;0;0;1.8E-05;0;1.2E-05;8.2E-05;0.000175;0;8E-06;0.000663;2.9E-05;9.4E-05;0.000123;0.000768;6E-06;1.4E-05;8.2E-05;0.000264;3.1E-05;3.3E-05;9E-06;9.6E-05;2.1E-05;0.000196;5.3E-05;3.1E-05;0;3.5E-05;9E-06;0.000322;0.00054;7E-06;0;1.7E-05
Delaware;0;0;5.9E-05;0;0.006208;2.9E-05;2E-05;6.9E-05;0;5.9E-05;6.1E-05;8.1E-05;4.1E-05;4.9E-05;2.4E-05;0.000483;0.000348;0.000205;0;0;0.001068;0.000162;6.8E-05;0;0.000888;0.000238;0.000345;0;0;2E-05;1.9E-05;3.6E-05;3.6E-05;0;0;0;0.000217;2E-05;4.3E-05;0.000159;0;9.2E-05;0.000105;0.000935;0.000283;0;0;0.000822;0.000902;0.000239;0.000366;0;0.000169;1E-04;8E-05;0.000167;0;0.000247;0;0.00017;0;0;2.7E-05;0;0;0;0;0;0;0;0;0;0;5.9E-05;0.000191;0;0;0.000794;5.7E-05;7.8E-05;0.000135;0.000991;0;2.6E-05;8.7E-05;0.000376;4.2E-05;3.2E-05;0;8.9E-05;2.4E-05;0.000152;5.5E-05;3.5E-05;0;3.2E-05;0;0.000317;0.000544;0;0;0
Florida;1.7E-05;3E-06;5.4E-05;6E-06;0.005524;2.8E-05;1.6E-05;7E-05;1.1E-05;7.3E-05;7.6E-05;7.3E-05;4.7E-05;4.3E-05;2.2E-05;0.000478;0.000348;0.000168;4E-06;2E-05;0.001017;0.000146;6.3E-05;1E-05;0.000781;0.000177;0.000322;9E-06;1.2E-05;2E-05;1.8E-05;2.5E-05;2.5E-05;1E-05;1.4E-05;5E-06;0.000193;2.7E-05;4.8E-05;0.000154;3E-06;9.8E-05;0.000112;0.0008;0.000247;8E-06;0;0.000563;0.000788;0.000177;0.00032;1.2E-05;0.000215;8E-05;6.5E-05;0.000156;6E-06;0.000221;8E-06;0.000175;1.1E-05;3E-06;2.4E-05;1E-05;9E-06;7E-06;1.8E-05;5E-06;1E-06;2E-06;2.1E-05;1E-05;4E-06;7.4E-05;0.000178;5E-06;6E-06;0.000536;3.5E-05;9.5E-05;0.00013;0.000858;5E-06;1.5E-05;8.1E-05;0.000341;2.6E-05;3.9E-05;1.1E-05;7.6E-05;2E-05;0.000137;5.6E-05;3.5E-05;2E-06;3.3E-05;8E-06;0.00026;0.000465;6E-06;4E-06;1.6E-05
Georgia;1.2E-05;3E-06;4.5E-05;6E-06;0.004851;2.3E-05;1.8E-05;5.9E-05;1.1E-05;5.9E-05;6.3E-05;6.1E-05;4.3E-05;4.7E-05;1.9E-05;0.000438;0.000302;0.000138;4E-06;1.9E-05;0.000868;0.000138;4.6E-05;9E-06;0.000722;0.000164;0.000269;5E-06;1E-05;2.1E-05;1.3E-05;2.3E-05;2.4E-05;8E-06;1.4E-05;8E-06;0.000176;1.9E-05;4.1E-05;0.000139;6E-06;7.6E-05;9E-05;0.000638;0.000212;6E-06;0;0.00062;0.000728;0.000165;0.000281;6E-06;0.000165;8.2E-05;6.8E-05;0.00012;7E-06;0.000188;8E-06;0.000143;6E-06;3E-06;1.7E-05;7E-06;9E-06;4E-06;1.6E-05;3E-06;0;2E-06;1.6E-05;5E-06;6E-06;6.1E-05;0.000135;5E-06;4E-06;0.000594;2.8E-05;0.000108;0.000137;0.000688;4E-06;1.8E-05;7.6E-05;0.000296;2.7E-05;3.6E-05;7E-06;6.8E-05;1.9E-05;0.000129;4.1E-05;2.6E-05;2E-06;3E-05;5E-06;0.000181;0.000368;5E-06;5E-06;1.5E-05
Hawaii;1.5E-05;0;4.5E-05;0;0.004981;1.9E-05;1.3E-05;5.2E-05;0;3.9E-05;4.5E-05;4.3E-05;3.2E-05;2E-05;2.1E-05;0.000498;0.000307;0.000179;0;2.8E-05;0.00106;0.000164;4.5E-05;0;0.000824;0.000212;0.000309;0;1.4E-05;1.5E-05;0;1.1E-05;1.2E-05;0;1.9E-05;0;0.000176;1.5E-05;2.4E-05;0.000115;0;0.000124;0.000143;0.000564;0.000198;0;0;0.000569;0.000828;0.000212;0.000279;0;0.000146;6.5E-05;9.4E-05;9.2E-05;1.7E-05;0.000186;0;0.000154;0;0;1.8E-05;0;1.2E-05;1.8E-05;1.5E-05;0;0;0;2E-05;0;0;6E-05;0.000173;0;0;0.000532;4.3E-05;0.000147;0.000191;0.000598;0;1.9E-05;0.000103;0.000298;2.9E-05;3.5E-05;1.3E-05;0.000104;3.1E-05;0.000152;5.9E-05;1.7E-05;0;3.6E-05;0;0.000184;0.000371;0;0;1.1E-05
Idaho;2.2E-05;0;3.9E-05;0;0.004914;2.7E-05;2.1E-05;4.8E-05;0;8.9E-05;9.4E-05;5.8E-05;2.8E-05;7.9E-05;2.5E-05;0.00039;0.000281;0.000144;0;1.6E-05;0.000855;0.000165;4.9E-05;1.1E-05;0.000707;0.00013;0.000263;0;1.3E-05;1.2E-05;1.5E-05;2.4E-05;2.4E-05;0;2.2E-05;0;0.000179;2E-05;2.5E-05;0.000182;2.4E-05;7.3E-05;9.4E-05;0.000566;0.000244;0;0;0.000613;0.00071;0.000131;0.000302;1.4E-05;0.000161;7.5E-05;7.2E-05;0.000148;0;0.00022;0;0.000141;0;0;1.5E-05;0;0;0;1.6E-05;0;0;0;1.7E-05;0;1E-05;5.8E-05;0.000161;0;0;0.000573;1.3E-05;9.5E-05;0.000109;0.000596;0;2E-05;6.4E-05;0.000319;2.4E-05;3.6E-05;1.1E-05;6.9E-05;3.5E-05;0.000157;3.8E-05;2.6E-05;0;2.7E-05;0;0.000229;0.000425;0;0;1.8E-05
Illinois;1.7E-05;3E-06;4.9E-05;5E-06;0.00533;2E-05;1.6E-05;6.7E-05;8E-06;6.5E-05;7E-05;7.3E-05;3.8E-05;4.5E-05;1.6E-05;0.000486;0.000345;0.000184;4E-06;2.2E-05;0.000989;0.000177;5.9E-05;8E-06;0.000805;0.000191;0.000328;8E-06;1.7E-05;2.1E-05;1.6E-05;2.7E-05;2.7E-05;8E-06;1.5E-05;3E-06;0.000206;2.4E-05;4.3E-05;0.000144;6E-06;7.9E-05;9.3E-05;0.000736;0.000248;6E-06;0;0.000632;0.000811;0.000192;0.000227;1E-05;0.000155;7.3E-05;6.8E-05;0.000153;7E-06;0.000221;6E-06;0.000143;6E-06;3E-06;2.4E-05;7E-06;8E-06;1E-05;1.7E-05;4E-06;0;2E-06;1.8E-05;3E-06;3E-06;6.9E-05;0.000158;4E-06;6E-06;0.000596;3.4E-05;0.000107;0.000141;0.000788;3E-06;1.6E-05;8.5E-05;0.000244;3.3E-05;3.4E-05;1E-05;8.3E-05;3.1E-05;0.000169;4.3E-05;2.5E-05;2E-06;3.2E-05;7E-06;0.000247;0.000463;5E-06;4E-06;1.6E-05
Indiana;1.8E-05;0;5.1E-05;3E-06;0.005133;2.3E-05;1.7E-05;7.5E-05;7E-06;6.3E-05;6.6E-05;6.8E-05;4.4E-05;4.6E-05;1.8E-05;0.000473;0.000332;0.000173;4E-06;2E-05;0.000941;0.000138;6.3E-05;8E-06;0.000734;0.000165;0.000313;6E-06;1.2E-05;2E-05;1.7E-05;2.2E-05;2.3E-05;7E-06;1.7E-05;0;0.000214;2.3E-05;4.4E-05;0.000144;5E-06;6.5E-05;8.2E-05;0.000845;0.000232;5E-06;0;0.000506;0.000739;0.000165;0.000229;1.2E-05;0.000158;7.3E-05;5.8E-05;0.000151;5E-06;0.000209;7E-06;0.000146;8E-06;0;2E-05;7E-06;8E-06;8E-06;1.1E-05;3E-06;0;0;1.4E-05;4E-06;5E-06;6.1E-05;0.000156;5E-06;5E-06;0.00047;2.9E-05;0.000112;0.000141;0.000899;5E-06;1.5E-05;7.4E-05;0.000242;2.9E-05;3.6E-05;8E-06;6.7E-05;2.9E-05;0.000131;4.4E-05;3.3E-05;3E-06;3E-05;9E-06;0.000242;0.00047;3E-06;5E-06;1.9E-05
Iowa;1.6E-05;0;6.3E-05;6E-06;0.005723;2.2E-05;2.3E-05;8.3E-05;5E-06;7E-05;7.5E-05;8.5E-05;3.6E-05;7.6E-05;2.1E-05;0.000535;0.000405;0.000189;5E-06;2E-05;0.001014;0.000159;7.1E-05;1.6E-05;0.00079;0.000169;0.000334;1E-05;1.5E-05;2.6E-05;2.4E-05;3E-05;3.1E-05;6E-06;1.7E-05;0;0.000231;2.3E-05;4.2E-05;0.000191;1.6E-05;6.1E-05;7.8E-05;0.000789;0.000289;9E-06;0;0.000672;0.000798;0.000169;0.000306;1.2E-05;0.000177;8.5E-05;8.2E-05;0.000176;0;0.000258;8E-06;0.000168;7E-06;0;1.8E-05;8E-06;6E-06;1.4E-05;1.5E-05;0;0;0;2.2E-05;0;0;6.3E-05;0.000158;0;6E-06;0.000633;2.6E-05;0.000105;0.000131;0.000842;5E-06;2E-05;9.1E-05;0.000328;3.7E-05;4.3E-05;1.2E-05;6.1E-05;3.4E-05;0.000153;5.2E-05;2.6E-05;0;4.3E-05;8E-06;0.000272;0.000516;0;0;2.3E-05
Kansas;1.9E-05;0;4.9E-05;0;0.005157;2.2E-05;1.4E-05;6.5E-05;8E-06;6.3E-05;6.9E-05;7.6E-05;4.3E-05;6.6E-05;2.5E-05;0.000435;0.000309;0.000168;5E-06;1.4E-05;0.00085;0.000178;4.9E-05;9E-06;0.000762;0.000144;0.000301;8E-06;1E-05;1.8E-05;1.3E-05;2.5E-05;2.5E-05;0;1.3E-05;0;0.000214;2.4E-05;3.7E-05;0.000176;0;7E-05;8.3E-05;0.000684;0.000241;6E-06;0;0.00061;0.000768;0.000145;0.000276;8E-06;0.000209;7.2E-05;6.4E-05;0.000152;5E-06;0.000216;7E-06;0.000142;6E-06;0;1.6E-05;0;7E-06;0;1.8E-05;7E-06;0;0;1.6E-05;0;0;6.2E-05;0.00014;0;0;0.000576;2.9E-05;9.8E-05;0.000127;0.000732;0;1.5E-05;6.8E-05;0.000292;2.4E-05;4.4E-05;6E-06;5.6E-05;3.1E-05;0.000171;4.9E-05;3.1E-05;0;2.9E-05;0;0.000226;0.000448;5E-06;0;1.3E-05
Kentucky;1.8E-05;0;5.3E-05;7E-06;0.006083;3.2E-05;2.7E-05;7.4E-05;9E-06;7.7E-05;8.3E-05;8.9E-05;4.8E-05;6.6E-05;2.8E-05;0.000568;0.000409;0.00017;6E-06;2.3E-05;0.001101;0.000181;6.1E-05;1.5E-05;0.000792;0.000162;0.000328;8E-06;1.4E-05;2.2E-05;1.9E-05;2.7E-05;2.8E-05;7E-06;1.9E-05;0;0.000243;2.1E-05;6.2E-05;0.000182;1.2E-05;8.9E-05;0.000108;0.001095;0.000249;4E-06;0;0.000623;0.000795;0.000163;0.000309;9E-06;0.000221;8E-05;7.6E-05;0.000145;7E-06;0.000222;9E-06;0.000165;6E-06;0;2.1E-05;7E-06;6E-06;7E-06;1.6E-05;4E-06;0;0;1.9E-05;5E-06;5E-06;6.6E-05;0.000164;1E-05;6E-06;0.000587;3.1E-05;0.000128;0.000159;0.001168;4E-06;1.5E-05;0.000101;0.000327;3.7E-05;3.3E-05;1.2E-05;7.9E-05;2.6E-05;0.000175;4.9E-05;3.4E-05;0;4.2E-05;9E-06;0.000257;0.000513;0;7E-06;2.8E-05
Louisiana;1.5E-05;0;4.5E-05;4E-06;0.005388;2.4E-05;1.5E-05;7.2E-05;6E-06;6E-05;6.5E-05;6.7E-05;5.1E-05;5.5E-05;2.7E-05;0.000495;0.00035;0.000124;5E-06;1.8E-05;0.001027;0.000159;5.4E-05;7E-06;0.000754;0.000157;0.00027;7E-06;1.3E-05;1.9E-05;1.4E-05;2.5E-05;2.6E-05;7E-06;1.2E-05;6E-06;0.000234;1.9E-05;5.8E-05;0.000158;9E-06;0.000113;0.000125;0.000744;0.000239;4E-06;0;0.000728;0.000758;0.000157;0.000205;1.6E-05;0.000186;9.6E-05;7.9E-05;0.000133;8E-06;0.000212;7E-06;0.000147;7E-06;0;1.6E-05;6E-06;6E-06;6E-06;1.5E-05;6E-06;0;0;2.1E-05;6E-06;7E-06;6.2E-05;0.00017;7E-06;3E-06;0.0007;3.3E-05;0.000111;0.000144;0.000811;4E-06;1.1E-05;0.000102;0.000226;3.6E-05;4E-05;1.1E-05;7.9E-05;2E-05;0.000153;4.3E-05;2.9E-05;0;3.3E-05;6E-06;0.000195;0.000442;5E-06;5E-06;1.8E-05
Maine;1.8E-05;0;4.8E-05;0;0.006539;3.4E-05;2.5E-05;7.7E-05;0;9.1E-05;9.6E-05;6.8E-05;2.9E-05;9.2E-05;2.2E-05;0.000503;0.000351;0.000237;0;1.2E-05;0.001088;0.000191;0.000102;1.7E-05;0.000882;0.000209;0.000377;1.4E-05;1.2E-05;3E-05;1.3E-05;3.3E-05;3.3E-05;0;1.7E-05;0;0.000233;2.4E-05;5.6E-05;0.000199;2.5E-05;6.9E-05;8.6E-05;0.001013;0.000326;0;0;0.000682;0.000892;0.000209;0.000364;1.7E-05;0.000223;8E-05;9.8E-05;0.000195;0;0.000293;1.4E-05;0.0002;0;0;2.2E-05;0;0;1.4E-05;2E-05;0;0;0;2.9E-05;0;0;5.4E-05;0.000181;0;1.4E-05;0.000647;3.5E-05;0.000117;0.000152;0.001089;0;1.5E-05;8.3E-05;0.000393;4.6E-05;3.9E-05;1.4E-05;7.4E-05;2.9E-05;0.000184;5E-05;3.9E-05;0;3.5E-05;0;0.000375;0.000619;0;0;3.2E-05
Maryland;1.4E-05;0;4.2E-05;4E-06;0.005149;2.3E-05;1.4E-05;6.1E-05;1E-05;5.7E-05;6E-05;6.6E-05;3.8E-05;4.2E-05;1.5E-05;0.000407;0.000291;0.000181;4E-06;2E-05;0.000886;0.00016;5.6E-05;8E-06;0.000811;0.000189;0.000327;4E-06;1.2E-05;2E-05;9E-06;2.8E-05;2.8E-05;8E-06;1.3E-05;3E-06;0.000174;2.3E-05;3E-05;0.000129;0;8.5E-05;9.8E-05;0.000634;0.000212;8E-06;0;0.00069;0.000819;0.00019;0.000289;8E-06;0.000169;8.7E-05;6.4E-05;0.00012;4E-06;0.000184;1E-05;0.000133;7E-06;4E-06;1.5E-05;7E-06;9E-06;8E-06;1.5E-05;3E-06;0;0;1.7E-05;0;4E-06;7.3E-05;0.00015;0;5E-06;0.000663;3.3E-05;8.2E-05;0.000116;0.000677;5E-06;1.1E-05;6.2E-05;0.000305;3E-05;3.7E-05;9E-06;7.6E-05;2.2E-05;0.000152;4.9E-05;2.4E-05;0;2.7E-05;6E-06;0.000245;0.000429;6E-06;5E-06;1.6E-05
Massachusetts;1.6E-05;0;4.7E-05;4E-06;0.005436;2.2E-05;1.9E-05;5.4E-05;1E-05;7.2E-05;7.6E-05;6.7E-05;2.8E-05;4.6E-05;1.7E-05;0.000423;0.000302;0.000196;4E-06;1.9E-05;0.000942;0.000227;6.5E-05;1.1E-05;0.000866;0.000238;0.000336;7E-06;1.4E-05;2.2E-05;1.3E-05;2.8E-05;2.9E-05;7E-06;1.8E-05;3E-06;0.0002;1.8E-05;4E-05;0.000143;6E-06;8.2E-05;1E-04;0.000753;0.000252;7E-06;0;0.000618;0.000873;0.00024;0.000212;1.2E-05;0.000145;7.7E-05;8.6E-05;0.000136;6E-06;0.000223;7E-06;0.000152;6E-06;4E-06;2.3E-05;1.4E-05;8E-06;1.5E-05;1.7E-05;6E-06;0;0;2E-05;1E-05;4E-06;7.2E-05;0.000165;4E-06;7E-06;0.000584;2.4E-05;9.7E-05;0.000121;0.000802;5E-06;1.5E-05;7.5E-05;0.000232;2.4E-05;3.3E-05;7E-06;7.9E-05;2.9E-05;0.000219;4.5E-05;2.8E-05;0;3E-05;8E-06;0.00028;0.000492;5E-06;0;1.8E-05
Michigan;1.2E-05;2E-06;5.3E-05;6E-06;0.005361;2.1E-05;1.6E-05;6.3E-05;9E-06;6.6E-05;7.1E-05;6.3E-05;3.8E-05;5.7E-05;2.2E-05;0.000431;0.00031;0.000186;5E-06;1.9E-05;0.000926;0.000138;6.7E-05;9E-06;0.000757;0.000187;0.00033;6E-06;1.3E-05;1.9E-05;1.2E-05;2.4E-05;2.4E-05;9E-06;1.4E-05;2E-06;0.000183;2.5E-05;4.9E-05;0.000162;4E-06;7.3E-05;8.7E-05;0.000787;0.000262;8E-06;0;0.000666;0.000765;0.000187;0.000235;1.2E-05;0.000186;8.9E-05;8.6E-05;0.000152;5E-06;0.000238;6E-06;0.000141;5E-06;2E-06;2E-05;6E-06;7E-06;1E-05;1.8E-05;5E-06;0;2E-06;2.7E-05;4E-06;6E-06;6.6E-05;0.00017;4E-06;5E-06;0.000635;2.5E-05;9.6E-05;0.000121;0.000845;4E-06;1.4E-05;7.3E-05;0.000261;3E-05;3.3E-05;9E-06;7.2E-05;2.5E-05;0.000131;4.7E-05;2.7E-05;2E-06;3E-05;8E-06;0.000259;0.000456;5E-06;4E-06;2E-05
Minnesota;1.6E-05;0;5.1E-05;1.5E-05;0.005515;1.9E-05;2.1E-05;5.9E-05;9E-06;7.8E-05;8.2E-05;6.5E-05;3.1E-05;7.1E-05;2.6E-05;0.000439;0.000316;0.000197;4E-06;1.7E-05;0.000907;0.000143;5.8E-05;8E-06;0.000796;0.000172;0.000341;7E-06;1.3E-05;2.3E-05;1.5E-05;3E-05;3.1E-05;6E-06;1.8E-05;0;0.000203;2.6E-05;3.4E-05;0.000192;9E-06;7.3E-05;9.1E-05;0.000675;0.000282;7E-06;0;0.000697;0.000803;0.000172;0.000354;1.3E-05;0.000206;8E-05;7.3E-05;0.000178;5E-06;0.000251;1.1E-05;0.00014;5E-06;3E-06;2.2E-05;8E-06;7E-06;2.1E-05;2.8E-05;7E-06;0;0;2.8E-05;3E-06;5E-06;6.6E-05;0.00016;5E-06;7E-06;0.000656;2.3E-05;9.9E-05;0.000123;0.000721;3E-06;1.4E-05;7.3E-05;0.000382;2.6E-05;4E-05;8E-06;6.3E-05;3.5E-05;0.000136;3.9E-05;2.9E-05;0;3.1E-05;6E-06;0.000255;0.000469;0;3E-06;1.9E-05
Mississippi;1.6E-05;0;4.2E-05;0;0.005274;2.5E-05;1.8E-05;8.4E-05;1.1E-05;5.2E-05;5.5E-05;9E-05;4.8E-05;3.4E-05;1.7E-05;0.000554;0.000406;0.00014;0;2.9E-05;0.00106;0.000125;5.9E-05;1.2E-05;0.000709;0.000158;0.000277;0;9E-06;1.9E-05;1.5E-05;2.9E-05;2.9E-05;1.1E-05;1E-05;0;0.000232;2.5E-05;5.7E-05;0.000121;0;9.7E-05;0.000107;0.000858;0.000211;8E-06;0;0.00074;0.000717;0.000158;0.000172;1.1E-05;0.000146;8.3E-05;5.6E-05;0.000125;7E-06;0.000182;1E-05;0.000134;9E-06;0;1.4E-05;1E-05;1E-05;6E-06;1.2E-05;0;0;0;1.3E-05;8E-06;0;5.4E-05;0.000166;0;7E-06;0.000721;3.6E-05;0.000113;0.000148;0.000926;0;1.4E-05;9.4E-05;0.000185;3.4E-05;3.1E-05;1.3E-05;7.1E-05;1.6E-05;0.000115;3.5E-05;2.4E-05;0;3.8E-05;0;0.000188;0.000426;7E-06;0;1.6E-05
Missouri;1.4E-05;3E-06;4.9E-05;1E-05;0.005416;2.6E-05;1.8E-05;6.8E-05;9E-06;6.8E-05;7.3E-05;7E-05;4.2E-05;5.3E-05;1.9E-05;0.000476;0.000341;0.000172;5E-06;2.1E-05;0.000951;0.000133;6E-05;1E-05;0.000812;0.000165;0.000313;6E-06;1.3E-05;1.9E-05;1.7E-05;3E-05;3E-05;8E-06;1.5E-05;0;0.000226;2.2E-05;5.1E-05;0.000154;6E-06;8.2E-05;9.7E-05;0.000883;0.000249;8E-06;0;0.000581;0.00082;0.000165;0.000229;1E-05;0.000182;7.9E-05;6.6E-05;0.000153;7E-06;0.000219;7E-06;0.000148;8E-06;0;1.7E-05;7E-06;6E-06;7E-06;1.9E-05;4E-06;0;0;1.1E-05;6E-06;5E-06;6.6E-05;0.00015;3E-06;1E-05;0.000548;3.1E-05;0.000105;0.000135;0.000943;4E-06;1.2E-05;8E-05;0.00024;3E-05;4.2E-05;1E-05;6.1E-05;2.8E-05;0.000127;4.7E-05;2.8E-05;0;3.4E-05;8E-06;0.000239;0.000478;5E-06;5E-06;1.5E-05
Montana;0;0;4.6E-05;0;0.005729;2.6E-05;2.2E-05;6.5E-05;0;8.3E-05;8.6E-05;6.1E-05;3.7E-05;8.5E-05;2.2E-05;0.000491;0.000338;0.000161;0;2E-05;0.000977;0.000171;7.4E-05;0;0.000821;0.000163;0.000292;0;0;1.5E-05;1.6E-05;2.6E-05;2.6E-05;0;1.5E-05;0;0.000203;2.7E-05;2.9E-05;0.000176;0;7.2E-05;8.7E-05;0.0007;0.000241;0;0;0.000797;0.000834;0.000164;0.000307;0;0.000273;7.4E-05;7.6E-05;0.000138;0;0.000215;0;0.000142;0;0;1.7E-05;0;0;0;0;0;0;0;4.6E-05;0;0;7.1E-05;0.00017;0;0;0.000758;3.9E-05;0.000114;0.000153;0.000739;0;1.5E-05;8.7E-05;0.000353;3.2E-05;3.4E-05;0;5.2E-05;3.2E-05;0.000161;5E-05;3.3E-05;0;2.8E-05;0;0.000293;0.000507;0;0;1.6E-05
Nebraska;1.6E-05;0;4.4E-05;0;0.005197;1.3E-05;1.5E-05;7.1E-05;9E-06;6.8E-05;7.2E-05;8E-05;3.8E-05;4.4E-05;1.6E-05;0.000485;0.000351;0.000166;0;1.7E-05;0.000911;0.00016;5.3E-05;1.4E-05;0.000741;0.000161;0.000303;0;1.3E-05;2.4E-05;1.4E-05;3.4E-05;3.4E-05;0;9E-06;0;0.000211;2.6E-05;3.8E-05;0.000138;0;6.2E-05;7.2E-05;0.000664;0.000259;9E-06;0;0.000661;0.00075;0.000162;0.000276;0;0.000187;7.4E-05;7.9E-05;0.000146;0;0.000225;9E-06;0.000141;8E-06;0;1.4E-05;0;9E-06;9E-06;1.7E-05;0;0;0;2.1E-05;0;0;6.4E-05;0.000153;0;0;0.000624;2.5E-05;0.000109;0.000134;0.000713;0;1.4E-05;8.3E-05;0.000297;3E-05;3.4E-05;1E-05;6.1E-05;3E-05;0.000151;4.4E-05;2.4E-05;0;3.4E-05;0;0.000245;0.000467;0;0;2E-05
Nevada;1.2E-05;0;3.3E-05;0;0.003954;1.8E-05;7E-06;4.4E-05;1.1E-05;6.5E-05;6.7E-05;6.1E-05;4.3E-05;3.9E-05;1.3E-05;0.000365;0.000257;0.000124;0;1.4E-05;0.000704;0.000165;4.3E-05;6E-06;0.000602;0.000117;0.000249;0;8E-06;8E-06;1.1E-05;1.7E-05;1.7E-05;7E-06;0;0;0.000167;3.1E-05;2.9E-05;0.000113;9E-06;5.8E-05;6.3E-05;0.000531;0.000157;9E-06;0;0.00044;0.000611;0.000119;0.000129;6E-06;0.000138;4.8E-05;4.4E-05;9.6E-05;6E-06;0.00014;7E-06;0.000118;7E-06;0;1.1E-05;0;7E-06;0;1.5E-05;0;0;0;1E-05;0;0;5.4E-05;0.000117;7E-06;6E-06;0.000413;2.2E-05;8.5E-05;0.000108;0.000569;0;1.6E-05;6.5E-05;0.000139;1.7E-05;3E-05;0;4.8E-05;1.9E-05;0.000158;4.1E-05;1.9E-05;0;1.9E-05;0;0.000204;0.000378;6E-06;0;1.3E-05
New Hampshire;1.4E-05;0;3.9E-05;0;0.005996;2.8E-05;1.8E-05;5.4E-05;1.2E-05;7.6E-05;8E-05;7.7E-05;3.1E-05;5.3E-05;2.2E-05;0.000446;0.000325;0.000204;0;0;0.000953;0.000174;1E-04;0;0.000979;0.000225;0.000347;0;1.4E-05;1.8E-05;1.5E-05;3.5E-05;3.5E-05;1.7E-05;0;0;0.000177;2.4E-05;3.5E-05;0.000151;0;7.4E-05;8.3E-05;0.000827;0.000288;0;0;0.000717;0.000987;0.000225;0.000383;1.4E-05;0.00019;7.3E-05;8.9E-05;0.000163;0;0.000253;0;0.000155;0;0;1.9E-05;0;0;1.7E-05;2.3E-05;0;0;0;2E-05;0;0;6.3E-05;0.000145;0;0;0.000676;2.5E-05;9.6E-05;0.000121;0.000876;0;0;9E-05;0.000404;3.4E-05;4.6E-05;1.5E-05;6.5E-05;3.3E-05;0.000163;4.4E-05;3.9E-05;0;2.3E-05;0;0.000334;0.000521;0;0;2.1E-05
New Jersey;1.7E-05;3E-06;4.9E-05;5E-06;0.005704;2.3E-05;1.8E-05;7.4E-05;1E-05;6.9E-05;7.2E-05;6E-05;4.6E-05;6.8E-05;2E-05;0.000482;0.000331;0.000202;4E-06;2.2E-05;0.001;0.000211;5.3E-05;7E-06;0.000847;0.000247;0.000368;6E-06;1.3E-05;2.1E-05;1.2E-05;3.1E-05;3.2E-05;6E-06;1.6E-05;5E-06;0.000193;2.9E-05;3.5E-05;0.000174;5E-06;7.8E-05;9.4E-05;0.000662;0.000289;7E-06;0;0.000763;0.000854;0.000248;0.000263;1.4E-05;0.000198;8.4E-05;9.7E-05;0.00016;6E-06;0.000257;8E-06;0.000131;6E-06;2E-06;2.2E-05;9E-06;1.1E-05;1.1E-05;2.1E-05;7E-06;0;3E-06;2.2E-05;3E-06;6E-06;7.8E-05;0.000167;4E-06;4E-06;0.00073;4.2E-05;0.000109;0.000151;0.000706;3E-06;1.6E-05;8.1E-05;0.000285;3.2E-05;4E-05;9E-06;9.6E-05;2.8E-05;0.0002;3.9E-05;2.4E-05;0;2.6E-05;8E-06;0.000284;0.000491;9E-06;4E-06;1.9E-05
New Mexico;1.8E-05;0;4E-05;0;0.00436;1.6E-05;1.1E-05;4.2E-05;1.1E-05;6E-05;6.3E-05;5.9E-05;3.8E-05;7.6E-05;2.3E-05;0.000381;0.000256;0.000142;0;1.6E-05;0.000863;0.000182;4.8E-05;1.1E-05;0.000676;0.000119;0.000289;0;1.5E-05;1.2E-05;1.2E-05;2.1E-05;2.1E-05;0;0;0;0.000171;3E-05;2.4E-05;0.000169;0;0.00013;0.000137;0.000466;0.000185;0;0;0.000478;0.000681;0.00012;0.000191;0;0.000145;7E-05;5.8E-05;0.000106;0;0.000164;0;9.5E-05;0;0;2.3E-05;0;8E-06;1.2E-05;1.2E-05;0;0;0;1.9E-05;0;0;7.8E-05;0.000139;0;0;0.000442;2.6E-05;9.9E-05;0.000125;0.000498;0;1.4E-05;6.1E-05;0.00021;1.6E-05;3.8E-05;0;7.5E-05;3E-05;0.000174;2.7E-05;1.9E-05;0;1.9E-05;8E-06;0.000183;0.000363;0;0;9E-06
New York;1.6E-05;2E-06;5.2E-05;7E-06;0.005655;2.6E-05;1.8E-05;6.2E-05;1.1E-05;6.6E-05;7.1E-05;6.4E-05;4.4E-05;7.3E-05;2.3E-05;0.000453;0.000317;0.000202;5E-06;2E-05;0.000999;0.000228;5.6E-05;1.1E-05;0.000826;0.000251;0.00036;6E-06;1.7E-05;1.8E-05;1.4E-05;3.1E-05;3.2E-05;8E-06;1.8E-05;7E-06;0.000197;2E-05;4.1E-05;0.000183;5E-06;9.1E-05;0.000109;0.000707;0.000279;1E-05;1E-06;0.000723;0.000836;0.000252;0.000205;1E-05;0.000211;9.1E-05;8.3E-05;0.000164;1E-05;0.000247;8E-06;0.000134;6E-06;2E-06;2.1E-05;8E-06;1.1E-05;1E-05;1.8E-05;5E-06;1E-06;2E-06;2.2E-05;2E-06;5E-06;7.5E-05;0.000168;4E-06;5E-06;0.000689;3.6E-05;1E-04;0.000135;0.000758;5E-06;1.6E-05;8.1E-05;0.000227;3.1E-05;3.9E-05;9E-06;1E-04;2.8E-05;0.000217;4.1E-05;2.2E-05;2E-06;2.9E-05;7E-06;0.000269;0.000478;7E-06;4E-06;1.8E-05
North Carolina;1.6E-05;2E-06;4.6E-05;6E-06;0.00542;2.3E-05;1.8E-05;6E-05;9E-06;6.7E-05;7.1E-05;6.2E-05;3.7E-05;5.1E-05;2.2E-05;0.000436;0.000312;0.000161;4E-06;1.8E-05;0.000917;0.00014;4.8E-05;7E-06;0.000825;0.000174;0.000302;8E-06;1.3E-05;2E-05;1.2E-05;2.5E-05;2.5E-05;9E-06;1.9E-05;3E-06;0.000194;2.7E-05;4.6E-05;0.000152;5E-06;8.7E-05;0.000106;0.000809;0.000228;8E-06;0;0.00068;0.000833;0.000175;0.000306;9E-06;0.000182;8.4E-05;5.4E-05;0.000149;7E-06;0.000203;7E-06;0.000152;8E-06;2E-06;1.7E-05;5E-06;8E-06;1E-05;1.7E-05;4E-06;0;0;2E-05;3E-06;4E-06;6.6E-05;0.000152;5E-06;6E-06;0.000649;2.4E-05;9.9E-05;0.000123;0.000865;5E-06;1.5E-05;7.6E-05;0.000326;3.4E-05;3.2E-05;1E-05;7.2E-05;2.5E-05;0.000132;4.7E-05;3.1E-05;2E-06;3E-05;7E-06;0.000222;0.000428;5E-06;4E-06;1.8E-05
North Dakota;0;0;5.7E-05;0;0.004937;0;0;5.3E-05;0;5.5E-05;6.1E-05;5.9E-05;0;7.4E-05;2.4E-05;0.000468;0.00031;0.000137;0;0;0.000823;0.000176;4.8E-05;0;0.000736;0.000147;0.000239;0;0;0;0;2.2E-05;2.2E-05;0;0;0;0.000185;2.2E-05;3.3E-05;0.000189;2.9E-05;2.2E-05;3.4E-05;0.000605;0.000219;0;0;0.000778;0.000745;0.000148;0.000266;0;0.00016;6.6E-05;7E-05;0.000127;0;0.000197;0;0.000122;0;0;0;0;0;0;0;0;0;0;2.2E-05;0;0;5.7E-05;0.000133;0;0;0.000736;3.8E-05;0.000119;0.000157;0.000643;0;0;7.5E-05;0.000288;0;2.5E-05;0;5.8E-05;3.6E-05;0.000168;2.6E-05;2.4E-05;0;3.4E-05;0;0.000192;0.000387;0;0;0
Ohio;1.5E-05;2E-06;4.7E-05;5E-06;0.005633;2.4E-05;2E-05;7.3E-05;9E-06;7.2E-05;7.6E-05;7.6E-05;4.1E-05;4.1E-05;1.8E-05;0.000516;0.000371;0.000192;4E-06;2.2E-05;0.001018;0.000166;6.5E-05;1.2E-05;0.000816;0.000188;0.000345;8E-06;1.4E-05;2.3E-05;1.7E-05;2.9E-05;2.9E-05;8E-06;1.5E-05;2E-06;0.000211;3.6E-05;5.4E-05;0.000138;5E-06;7.4E-05;8.9E-05;0.000847;0.000263;7E-06;0;0.000641;0.000822;0.000188;0.000296;1.2E-05;0.000156;6.9E-05;6.7E-05;0.000166;4E-06;0.000234;9E-06;0.000151;7E-06;3E-06;1.9E-05;6E-06;9E-06;7E-06;1.8E-05;4E-06;0;2E-06;1.7E-05;2E-06;3E-06;7.1E-05;0.000161;4E-06;1.1E-05;0.000607;3E-05;0.000115;0.000145;0.000912;5E-06;1.4E-05;8.5E-05;0.000313;3.3E-05;3.9E-05;1E-05;7.4E-05;2.8E-05;0.000158;5.1E-05;2.9E-05;2E-06;3.3E-05;8E-06;0.000268;0.000488;1.2E-05;2E-06;2E-05
Oklahoma;1.8E-05;0;4.8E-05;6E-06;0.005052;2.6E-05;1.5E-05;6.6E-05;1.1E-05;6.9E-05;7.2E-05;6.2E-05;4.2E-05;5.1E-05;1.9E-05;0.00046;0.000328;0.000141;0;1.6E-05;0.000887;0.000144;4.6E-05;9E-06;0.000717;0.000139;0.000277;4E-06;1.2E-05;1.5E-05;1.3E-05;1.9E-05;1.9E-05;7E-06;7E-06;0;0.000238;3.6E-05;4.6E-05;0.000151;1.6E-05;8.9E-05;9.7E-05;0.00079;0.000215;7E-06;0;0.000559;0.000724;0.000139;0.000236;7E-06;0.000184;7.3E-05;6.6E-05;0.000131;7E-06;0.000196;6E-06;0.000143;8E-06;0;1.8E-05;7E-06;8E-06;5E-06;1.5E-05;4E-06;0;0;1.3E-05;4E-06;0;6.2E-05;0.00013;4E-06;0;0.00053;3.1E-05;0.000101;0.000132;0.000843;0;1.5E-05;8.4E-05;0.00025;2.7E-05;3E-05;7E-06;5.8E-05;2.4E-05;0.000137;4.3E-05;2.5E-05;0;2.9E-05;8E-06;0.000223;0.000472;7E-06;0;1.7E-05
Oregon;1.7E-05;0;4.3E-05;0;0.004935;2.2E-05;1.9E-05;5.4E-05;9E-06;7.1E-05;7.5E-05;5.7E-05;3.5E-05;4.7E-05;1.4E-05;0.000388;0.000277;0.00017;0;1.2E-05;0.000877;0.00015;5.6E-05;1.5E-05;0.000733;0.000144;0.00031;7E-06;1.3E-05;1.7E-05;9E-06;2.4E-05;2.4E-05;7E-06;1.5E-05;0;0.00018;2.6E-05;2.9E-05;0.000134;6E-06;0.000102;0.000117;0.000619;0.000218;4E-06;0;0.000588;0.000737;0.000145;0.000313;1.1E-05;0.000144;5.6E-05;6E-05;0.000134;5E-06;0.000194;7E-06;0.000147;6E-06;0;1.6E-05;6E-06;7E-06;8E-06;1.2E-05;0;0;0;1.5E-05;0;0;7.3E-05;0.000158;5E-06;5E-06;0.000551;2.7E-05;8.4E-05;0.000111;0.000657;4E-06;1.4E-05;6.6E-05;0.000327;2.6E-05;3.6E-05;8E-06;6.5E-05;3.2E-05;0.000143;5.1E-05;3.2E-05;0;2.6E-05;7E-06;0.000252;0.000441;6E-06;0;1.6E-05
Pennsylvania;1.7E-05;2E-06;6E-05;7E-06;0.006197;2.5E-05;2.2E-05;7.3E-05;1E-05;7.5E-05;8.1E-05;8.2E-05;4.1E-05;6.5E-05;2.4E-05;0.000537;0.000378;0.000225;5E-06;2.2E-05;0.001115;0.000218;7E-05;1.2E-05;0.000865;0.00021;0.000386;8E-06;1.3E-05;2.1E-05;1.9E-05;3.1E-05;3.1E-05;1E-05;2.1E-05;2E-06;0.000221;2.6E-05;4.7E-05;0.000184;5E-06;9.8E-05;0.000119;0.000845;0.000297;8E-06;0;0.000707;0.000873;0.00021;0.000315;1.5E-05;0.000228;9E-05;8.9E-05;0.000177;6E-06;0.000266;8E-06;0.000151;7E-06;2E-06;2.4E-05;8E-06;1.1E-05;1.3E-05;1.8E-05;5E-06;0;0;2.5E-05;2E-06;5E-06;7.7E-05;0.000198;5E-06;7E-06;0.00067;4.2E-05;0.000117;0.000158;0.000902;5E-06;1.6E-05;9.3E-05;0.00034;3.1E-05;3.5E-05;1E-05;7.8E-05;3.1E-05;0.000207;4.8E-05;2.8E-05;2E-06;3.2E-05;9E-06;0.000316;0.000552;3E-06;5E-06;2.3E-05
Rhode Island;0;0;4.2E-05;0;0.005643;2E-05;1.7E-05;6.2E-05;0;7.2E-05;7.7E-05;6.3E-05;3.7E-05;6.7E-05;2.2E-05;0.000389;0.000272;0.000168;0;0;0.000891;0.000216;5.8E-05;0;0.000889;0.000198;0.000322;0;2.2E-05;2.2E-05;0;2.8E-05;2.8E-05;0;2.1E-05;0;0.000195;0;4E-05;0.000163;0;7.4E-05;9.5E-05;0.000871;0.000275;0;0;0.000612;0.000902;0.000198;0.000287;0;0.00015;7.5E-05;7.4E-05;0.000173;0;0.000247;0;0.000147;0;0;2.1E-05;0;0;1.7E-05;2E-05;0;0;0;1.8E-05;0;0;6.5E-05;0.000135;0;0;0.000568;3.1E-05;8.6E-05;0.000117;0.000917;0;2.1E-05;7.3E-05;0.000305;4.4E-05;4.7E-05;0;9.3E-05;3.8E-05;0.000203;4.7E-05;2E-05;0;2.1E-05;0;0.000299;0.00051;0;0;2E-05
South Carolina;1.5E-05;0;4.5E-05;6E-06;0.005562;2.1E-05;1.9E-05;6.5E-05;1.1E-05;7.1E-05;7.3E-05;6.9E-05;4.4E-05;4.9E-05;2.1E-05;0.000474;0.000346;0.000156;0;2.1E-05;0.000991;0.000129;5.9E-05;6E-06;0.000833;0.000198;0.000296;8E-06;9E-06;2.1E-05;1.4E-05;2.3E-05;2.3E-05;1.1E-05;1.7E-05;0;0.000217;3.4E-05;5.7E-05;0.000145;4E-06;9.2E-05;0.000109;0.00082;0.000216;9E-06;0;0.000745;0.000842;0.000199;0.000264;1E-05;0.000182;9.7E-05;6E-05;0.000134;3E-06;0.000193;7E-06;0.000148;8E-06;0;2E-05;6E-06;8E-06;8E-06;1.5E-05;0;0;0;2E-05;0;6E-06;6.1E-05;0.000163;6E-06;1E-05;0.000719;2.3E-05;0.000105;0.000128;0.000886;0;1.6E-05;7.9E-05;0.000284;3.5E-05;3.7E-05;9E-06;8.3E-05;2E-05;0.000121;4.5E-05;3E-05;0;3.6E-05;7E-06;0.000232;0.000462;5E-06;4E-06;1.7E-05
South Dakota;0;0;5.2E-05;0;0.005132;0;0;6.6E-05;0;6.4E-05;6.4E-05;6.1E-05;2.8E-05;5.6E-05;3.8E-05;0.000466;0.000339;0.000171;0;1.9E-05;0.000897;0.000143;4.7E-05;0;0.000754;0.00015;0.000301;0;0;0;2.7E-05;2.8E-05;2.8E-05;0;2.4E-05;0;0.000168;2.4E-05;3E-05;0.000182;2.1E-05;7.3E-05;9.8E-05;0.000685;0.000221;0;0;0.000723;0.000761;0.00015;0.000269;0;0.000199;6.8E-05;5.7E-05;0.000136;0;0.000193;0;0.000118;0;0;0;0;0;0;2.2E-05;0;0;0;0;0;0;6.1E-05;0.000136;0;0;0.000691;2.6E-05;0.000101;0.000127;0.000725;0;0;7.2E-05;0.000281;2.7E-05;3E-05;0;6.4E-05;2.8E-05;0.000139;2.7E-05;2E-05;0;4.2E-05;0;0.000229;0.000398;0;0;3.1E-05
Tennessee;1.5E-05;0;4.8E-05;6E-06;0.005491;2.5E-05;1.5E-05;6.9E-05;9E-06;6.5E-05;6.8E-05;7.3E-05;4.4E-05;4.7E-05;1.9E-05;0.000471;0.000335;0.000155;3E-06;2.1E-05;0.000957;0.000147;5.9E-05;1.2E-05;0.000766;0.000156;0.000297;7E-06;8E-06;2.2E-05;1.5E-05;2.9E-05;2.9E-05;8E-06;1.2E-05;0;0.000216;2.3E-05;4.7E-05;0.000143;5E-06;9.5E-05;0.000107;0.000939;0.000229;1.1E-05;0;0.00067;0.000776;0.000157;0.000253;6E-06;0.000182;7.5E-05;6E-05;0.00014;6E-06;0.0002;8E-06;0.000156;8E-06;3E-06;1.8E-05;8E-06;7E-06;7E-06;1.5E-05;0;0;0;1.7E-05;3E-06;3E-06;6.6E-05;0.000149;4E-06;5E-06;0.000643;3.1E-05;0.000105;0.000136;0.000996;5E-06;1.5E-05;8.3E-05;0.00027;3.5E-05;3.9E-05;8E-06;6.8E-05;2.2E-05;0.00014;4.7E-05;3.4E-05;0;2.8E-05;7E-06;0.000231;0.000458;6E-06;3E-06;1.7E-05
Texas;1.8E-05;2E-06;3.4E-05;8E-06;0.003905;1.6E-05;1.1E-05;4.6E-05;1.1E-05;5.6E-05;6.1E-05;4.8E-05;4.5E-05;3.9E-05;1.8E-05;0.000369;0.000257;0.00011;4E-06;1.5E-05;0.000793;0.000126;3.8E-05;7E-06;0.000587;0.000124;0.000235;4E-06;1E-05;1.4E-05;1E-05;2.3E-05;2.3E-05;6E-06;1.3E-05;4E-06;0.000182;3.4E-05;3E-05;0.000127;4E-06;0.000108;0.000121;0.000476;0.000183;7E-06;1E-06;0.000438;0.000595;0.000125;0.000126;6E-06;0.000144;6.6E-05;4.7E-05;0.000114;5E-06;0.00016;6E-06;0.000112;7E-06;3E-06;1.8E-05;7E-06;8E-06;5E-06;1.9E-05;3E-06;1E-06;2E-06;9E-06;6E-06;2E-06;5.5E-05;0.000119;4E-06;4E-06;0.000408;2.9E-05;8.4E-05;0.000112;0.000514;4E-06;1E-05;6.3E-05;0.000135;2.2E-05;2.7E-05;7E-06;6.3E-05;2.5E-05;0.000118;3.5E-05;2.1E-05;2E-06;2.2E-05;4E-06;0.000134;0.000323;7E-06;3E-06;9E-06
Utah;1.4E-05;0;3E-05;0;0.003475;1.6E-05;1.8E-05;2.9E-05;1.3E-05;6.1E-05;6.4E-05;3.2E-05;2.1E-05;4E-05;1.6E-05;0.000238;0.000168;0.000123;0;9E-06;0.000525;0.000179;2.2E-05;8E-06;0.000502;9.4E-05;0.000215;0;7E-06;1E-05;7E-06;2.2E-05;2.2E-05;0;1.1E-05;0;0.000117;1.2E-05;1E-05;0.000111;1.5E-05;5.1E-05;6.2E-05;0.000213;0.000181;0;0;0.000524;0.000505;9.4E-05;0.000353;7E-06;9.6E-05;5.5E-05;5.5E-05;0.000103;0;0.000159;8E-06;9.6E-05;0;0;9E-06;8E-06;0;6E-06;1.1E-05;0;0;0;2E-05;0;0;5.3E-05;9.1E-05;0;0;0.000483;1.5E-05;5.5E-05;7E-05;0.000233;5E-06;1.4E-05;4.4E-05;0.000373;2.5E-05;2.9E-05;0;3.9E-05;3.6E-05;0.000176;2.9E-05;1.4E-05;0;1.2E-05;0;0.000136;0.00026;0;0;8E-06
Vermont;0;0;5.4E-05;0;0.00579;0;0;5.1E-05;0;6.4E-05;6.5E-05;6.2E-05;0;5.4E-05;0;0.000442;0.000316;0.000259;0;0;0.000887;0.000169;8.1E-05;0;0.000882;0.000192;0.000393;0;0;0;0;0;0;0;0;0;0.000168;0;4.2E-05;0.000147;0;5.9E-05;6.4E-05;0.000831;0.000292;0;0;0.000607;0.000888;0.000193;0.00046;0;0.000208;6.7E-05;6.1E-05;0.000211;0;0.000272;0;0.000168;0;0;0;0;0;0;0;0;0;0;0;0;0;7.2E-05;0.000136;0;0;0.000588;3E-05;9.6E-05;0.000126;0.000885;0;0;7.8E-05;0.000484;2.9E-05;3.5E-05;0;5.3E-05;0;0.000163;5.1E-05;4.2E-05;0;4.3E-05;0;0.000281;0.000457;0;0;0
Virginia;1.2E-05;3E-06;4E-05;3E-06;0.004583;2.1E-05;1.4E-05;5E-05;9E-06;5.6E-05;5.9E-05;5.1E-05;3.1E-05;3.4E-05;1.3E-05;0.00038;0.000273;0.000155;3E-06;1.5E-05;0.000826;0.000141;4.8E-05;7E-06;0.00075;0.000193;0.000286;7E-06;1.2E-05;1.7E-05;1.2E-05;2E-05;2.1E-05;9E-06;1.5E-05;2E-06;0.000174;2.7E-05;3.5E-05;0.000113;5E-06;7.7E-05;9.2E-05;0.000632;0.000207;8E-06;0;0.000562;0.000758;0.000194;0.000205;8E-06;0.000106;6.9E-05;5.5E-05;0.000131;5E-06;0.000186;7E-06;0.000127;7E-06;3E-06;1.8E-05;7E-06;6E-06;9E-06;1.4E-05;5E-06;0;0;1.3E-05;0;3E-06;6.6E-05;0.000135;4E-06;4E-06;0.000538;2.3E-05;8.4E-05;0.000106;0.000675;3E-06;1.4E-05;6.8E-05;0.000219;3E-05;3.2E-05;9E-06;7.6E-05;1.9E-05;0.000135;3.7E-05;2.6E-05;0;2.7E-05;6E-06;0.000196;0.000379;6E-06;5E-06;1.3E-05
Washington;1.5E-05;0;4.4E-05;4E-06;0.004935;2.2E-05;1.9E-05;4.6E-05;1E-05;7.8E-05;8.3E-05;5.2E-05;3.4E-05;6.4E-05;1.8E-05;0.000377;0.00026;0.000156;5E-06;1.3E-05;0.000845;0.00015;5.7E-05;1E-05;0.000785;0.000191;0.000295;4E-06;1.3E-05;1.9E-05;1.1E-05;2.6E-05;2.7E-05;7E-06;1.5E-05;3E-06;0.000171;2.1E-05;2.6E-05;0.000154;1E-05;9.4E-05;0.000109;0.000601;0.000242;5E-06;0;0.000565;0.00079;0.000192;0.000293;1.3E-05;0.000164;7E-05;6.4E-05;0.000151;4E-06;0.000215;7E-06;0.000135;5E-06;0;2.4E-05;1.2E-05;7E-06;1.4E-05;1.4E-05;4E-06;0;0;2.7E-05;0;6E-06;6.7E-05;0.00014;3E-06;4E-06;0.000532;2.5E-05;9.2E-05;0.000117;0.000636;5E-06;1.1E-05;6.7E-05;0.00032;2.6E-05;3.2E-05;8E-06;5.7E-05;2.9E-05;0.000143;4.8E-05;2.5E-05;0;2.5E-05;6E-06;0.000236;0.000419;3E-06;5E-06;1.6E-05
West Virginia;1.3E-05;0;5.5E-05;0;0.006262;2.5E-05;1.6E-05;8.6E-05;0;8E-05;8.5E-05;0.000113;4.3E-05;6.8E-05;2.9E-05;0.000621;0.000464;0.000209;0;2.8E-05;0.001133;0.000178;8.2E-05;1.5E-05;0.000811;0.00015;0.000388;0;9E-06;2.6E-05;1.7E-05;2.2E-05;2.3E-05;1E-05;2.1E-05;0;0.000269;2.2E-05;6.7E-05;0.000184;0;8.5E-05;0.000106;0.001101;0.000277;0;0;0.000652;0.000819;0.000151;0.000257;1.5E-05;0.000193;7.8E-05;8.2E-05;0.000171;0;0.000254;0;0.000175;1.5E-05;0;2.1E-05;0;0;0;1.9E-05;0;0;0;2.2E-05;0;0;8.7E-05;0.000149;0;0;0.000618;3E-05;0.000127;0.000157;0.001179;0;1.5E-05;0.000123;0.000279;2.8E-05;3.8E-05;1.2E-05;7.3E-05;2.5E-05;0.000172;5.6E-05;3.4E-05;0;4.8E-05;0;0.000285;0.000566;1E-05;0;2.8E-05
Wisconsin;1.5E-05;3E-06;5.3E-05;6E-06;0.005562;1.9E-05;1.9E-05;6.5E-05;9E-06;7.2E-05;7.6E-05;6.1E-05;3.7E-05;7.6E-05;2.9E-05;0.000431;0.000304;0.000208;4E-06;1.5E-05;0.000928;0.000153;6.8E-05;1.2E-05;0.000798;0.000196;0.000353;1E-05;1.2E-05;2.3E-05;1.4E-05;3.1E-05;3.2E-05;1E-05;1.9E-05;0;0.000212;1.6E-05;4.2E-05;0.00019;9E-06;7.3E-05;9.2E-05;0.000716;0.00028;9E-06;0;0.000715;0.000807;0.000197;0.000275;1.5E-05;0.000199;8.2E-05;7.7E-05;0.000171;4E-06;0.000248;7E-06;0.000158;6E-06;0;1.8E-05;5E-06;6E-06;8E-06;1.7E-05;4E-06;0;0;1.7E-05;0;0;7.2E-05;0.000167;5E-06;8E-06;0.000675;3E-05;9.7E-05;0.000127;0.000767;3E-06;1.5E-05;7.3E-05;0.000292;3.2E-05;4E-05;9E-06;7.3E-05;3.4E-05;0.000147;4.9E-05;3.1E-05;0;3.3E-05;7E-06;0.000266;0.000487;7E-06;3E-06;1.8E-05
Wyoming;0;0;4.6E-05;0;0.004487;0;0;3.1E-05;0;7.7E-05;7.7E-05;6.3E-05;0;5.5E-05;0;0.000341;0.000237;0.000138;0;0;0.000771;0.000184;5.5E-05;0;0.00058;9.9E-05;0.000247;0;0;0;0;0;0;0;0;0;0.000147;0;0;0.000164;0;9.7E-05;0.000104;0.000483;0.000205;0;0;0.000643;0.00059;0.000102;0.000261;0;0.000171;7.2E-05;6.3E-05;0.000131;0;0.000195;0;0.000102;0;0;0;0;0;0;0;0;0;0;0;0;0;6.7E-05;0.000136;0;0;0.000604;2.9E-05;7.5E-05;0.000104;0.000515;0;0;6.8E-05;0.000282;0;2.9E-05;0;3.9E-05;3.1E-05;0.000176;3.1E-05;0;0;0;0;0.000246;0.000398;0;0;0
